<?xml version="1.0" encoding="utf-8"?>
<extension type="component" version="3.0" method="upgrade">
	<name>com_brazitrac</name>
	<creationDate>2014 november 23</creationDate>
	<author>Robert Skolnick</author>
	<authorEmail>support@brazitech.com</authorEmail>
	<authorUrl>http://brazitech.com</authorUrl>
	<copyright></copyright>
	<license></license>
	<version>4.0.0</version>
	<description>COM_BRAZITRAC_XML_DESCRIPTION</description>
	
	<install>
		<sql>
			<file driver="mysql" charset="utf8">sql/install.mysql.utf8.sql</file>
		</sql>
	</install>
	<uninstall>
		<sql>
			<file driver="mysql" charset="utf8">sql/uninstall.mysql.utf8.sql</file>
		</sql>
	</uninstall>
	<update>
		<schemas>
			<schemapath type="mysql">sql/updates</schemapath>
		</schemas>
	</update>
	
	<files folder="site">
		<filename>controller.php</filename>
		<filename>index.html</filename>
		<filename>brazitrac.php</filename>
		<filename>router.php</filename>
		<folder>controllers</folder>
		<folder>helpers</folder>
		<folder>models</folder>
		<folder>views</folder>
	</files>
	
	<languages folder="site">
		<language tag="en-GB">language/en-GB.com_brazitrac.ini</language>
	</languages>
	
	<administration>
		<menu link="index.php?option=com_brazitrac">BraziTrac</menu>
		<submenu>
			<menu link="option=com_brazitrac&amp;view=requests">Requests</menu>
			<menu link="option=com_brazitrac&amp;view=Announcments">Announcments</menu>
			<menu link="option=com_brazitrac&amp;view=data_fieldss">data_fieldss</menu>
			<menu link="option=com_categories&amp;view=categories&amp;extension=com_brazitrac">JCATEGORIES</menu>
		</submenu>
		<files folder="admin">
			<filename>access.xml</filename>
			<filename>config.xml</filename>
			<filename>controller.php</filename>
			<filename>index.html</filename>
			<filename>brazitrac.php</filename>
			<folder>controllers</folder>
			<folder>helpers</folder>
			<folder>models</folder>
			<folder>tables</folder>
			<folder>sql</folder>
			<folder>views</folder>
		</files>
		<languages folder="admin">
			<language tag="en-GB">language/en-GB.com_brazitrac.ini</language>
			<language tag="en-GB">language/en-GB.com_brazitrac.sys.ini</language>
		</languages>
	</administration>
	
	<updateservers>
	</updateservers>
</extension>
