<?xml version="1.0" encoding="utf-8" ?>
<install type="component" version="1.6" method="upgrade">
    <name>brazitrac</name>
    <creationDate>December 2012</creationDate>
    <author>Robert Skolnick</author>
    <copyright>This component is released under the GNU/GPL License</copyright>
    <license>GNU/GPL</license>
    <authorEmail>Support@brazitech.com</authorEmail>
    <authorUrl>www.brazitech.com</authorUrl>
    <version>3.5.0</version>
    <description>Brazitrac Ticket System</description>
    <administration>
        <menu>BraziTrac</menu>
            <submenu>
                <menu act="configure">Configure</menu>
                <menu act="css">CSS</menu>
                <menu act="user">User Manager</menu>
                <menu act="rites">Rights Manager</menu>
                <menu act="category">Category Manager</menu>
                <menu act="ticket">Ticket Viewer</menu>
                <menu act="database">Database Maintenance</menu>
                <menu act="about">About</menu>
            </submenu>
        <files folder="administration">
            <filename>admin.brazitrac.php</filename>
            <filename>admin.brazitrac.class.php</filename>
            <filename>admin.brazitrac.html.php</filename>
            <filename>admin.brazitrac.js</filename>
            <filename>toolbar.brazitrac.php</filename>
            <filename>toolbar.brazitrac.html.php</filename>
            <filename>index.html</filename>
            <folder>images</folder>
            <folder>classes</folder>
        </files>
        <languages folder="administrationLanguages">
            <language tag="en-GB">en-GB.com_brazitrac.ini</language>
            <language tag="sr-SR">sr-RS.com_brazitrac.ini</language>
        </languages>
    </administration>
    <install>
        <sql></sql>
    </install>
    <uninstall>
        <sql></sql>
    </uninstall>
    <installfile>install.brazitrac.php</installfile>
    <uninstallfile>uninstall.brazitrac.php</uninstallfile>
    <files folder="site">
        <filename>brazitrac.php</filename>
        <filename>brazitrac.html.php</filename>
        <filename>brazitrac.class.php</filename>
        <filename>brazitrac.css</filename>
        <filename>brazitrac.restore.css</filename>
        <filename>brazitrac.js</filename>
        <filename>bbcode.inc.php</filename>
        <filename>index.html</filename>
        <folder>images</folder>
    </files>
    <languages folder="siteLanguages">
        <!-- component language files -->
        <language tag="cs-CZ">cs-CZ.com_brazitrac.ini</language>
        <language tag="de-DE">de-DE.com_brazitrac.ini</language>
        <language tag="el-GR">de-DE.com_brazitrac.ini</language>
        <language tag="en-GB">en-GB.com_brazitrac.ini</language>
        <language tag="es-ES">es-ES.com_brazitrac.ini</language>
        <language tag="fa-IR">fa-IR.com_brazitrac.ini</language>
        <language tag="fr-FR">fr-FR.com_brazitrac.ini</language>
        <language tag="it-IT">it-IT.com_brazitrac.ini</language>
        <language tag="nl-NL">nl-NL.com_brazitrac.ini</language>
        <language tag="pt-BR">pt-BR.com_brazitrac.ini</language>
        <language tag="pt-PT">pt-PT.com_brazitrac.ini</language>
        <language tag="ru-RU">ru-RU.com_brazitrac.ini</language>
        <language tag="sk-SK">sk-SK.com_brazitrac.ini</language>
        <language tag="sl-SI">sl-SI.com_brazitrac.ini</language>
        <language tag="sr-RS">sr-RS.com_brazitrac.ini</language>
        <language tag="sv-SE">sv-SE.com_brazitrac.ini</language>
        <language tag="tr-TR">tr-TR.com_brazitrac.ini</language>
        <!-- mail plugin language files -->
        <language tag="en-GB">en-GB.plg_brazitrac_mailnotification.ini</language>
        <language tag="sl-SI">sl-SI.plg_brazitrac_mailnotification.ini</language>
        <language tag="sr-RS">sr-RS.plg_brazitrac_mailnotification.ini</language>
    </languages>
</install>