<?xml version="1.0" encoding="utf-8"?>
<!-- $Id: brazitrac.xml 51 2014-11-22 01:33:21Z rskol $ -->
<extension type="component" version="2.5.0" method="upgrade">

	<name>BraziTrac!</name>
	<!-- The following elements are optional and free of formatting conttraints -->
	<creationDate>November 2014</creationDate>
	<author>Robert Skolnick</author>
	<authorEmail>support@brazitech.com</authorEmail>
	<authorUrl>http://www.braztech.com</authorUrl>
	<copyright>Copyright Info</copyright>
	<license>License Info</license>
	<!--  The version string is recorded in the components table -->
	<version>0.0.1</version>
	<!-- The description is optional and defaults to the name -->
	<description>Description of the BraziTrac component ...</description>

	<update> <!-- Runs on update; New in 1.6 -->
		<schemas>
			<schemapath type="mysql">sql/updates/mysql</schemapath>
		</schemas>
	</update>

	<!-- Site Main File Copy Section -->
	<!-- Note the folder attribute: This attribute describes the folder
		to copy FROM in the package to install therefore files copied
		in this section are copied from /site/ in the package -->
	<files folder="site">
		<filename>index.html</filename>
		<filename>brazitrac.php</filename>
	</files>

	<administration>
		<!-- Administration Menu Section -->
		<menu>BraziTrac!</menu>
		<!-- Administration Main File Copy Section -->
		<!-- Note the folder attribute: This attribute describes the folder
			to copy FROM in the package to install therefore files copied
			in this section are copied from /admin/ in the package -->
		<files folder="admin">
			<!-- Admin Main File Copy Section -->
			<filename>index.html</filename>
			<filename>brazitrac.php</filename>
			<!-- SQL files section -->
			<folder>sql</folder>
		</files>
	</administration>

</extension>

